Sentence,Label
నేడు రాత్రి బాగా ఉంది.,3
She loved reading books in her free time.,4
મને કટરાય પીરજના ભાઈ છે.,2
त्या दिनी मी कायम स른 सांगून होतuscam.,1
तुमच्या निश्चित इच्छा पूर्ण होते.,1
నేను ఈ రోజు కాఫీ తీసుకున్నాను.,3
वह सुबह शहर में चला गया।,0
నేడు నాటికి రాత్రి ఎక్కువగా ఉంది.,3
મને તમારું સાંભાલીએ છે.,2
મારા બાપને મળતો રહ્યો છે.,2
मैं आज कान्फ्रेन्स में जा रहा हूँ।,0
મને ખુબ જ લાગે છે કે તમને એવા સમયમાં તમારી મદદ સાથે આવતા.,2
त्या दिवसी मी घरी लडका म्हणाला.,1
The sun was shining brightly in the clear blue sky.,4
The sun was shining brightly in the clear blue sky.,4
મને આજે ભારતના શિવરાત્રીનું ઉજવણ દેખવા માં આવ્યો.,2
The sun is shining brightly in the sky.,4
The sun was shining brightly in the clear blue sky.,4
तुमच्या घरात कविता लिहायची आहे का?,1
The sun was shining brightly in the clear blue sky.,4
मैं आज शहर में गया।,0
ситуации म्हणून बंद झाले!,1
वहesterday सुबह कáf.Mutable Café में गया था।,0
वे सूरज के बादलों से घिरे हुए पुल के नीचे खड़े थे।,0
నేను ఈ రోజు బోర్డులో చదవాలనుకుంటును.,3
The sun was shining brightly in the clear blue sky.,4
The sun sets slowly over the ocean horizon.,4
నేను నా కుటుంబంతో సరఫాదిలో ఉంటున్నాను.,3
तुमच्या घरी काफी सोने आहे!,1
The sun is shining brightly today.,4
મને કાફી વખત લાગ્યું છે.,2
माझा नлявा कQuaternion workstation.,1
મેં ગયા હવે ફલજિતાને મળ્યા છે.,2
The sun is shining brightly in the sky.,4
నేను పాఠశాలలో చదువుతున్నాను.,3
The sunset was breathtakingly beautiful.,4
तुमचं नाव कसे आहे?,1
मी तुमच्या घरात आलोय.,1
मैं आज सुबह कॉफी पीया हूँ।,0
ఎంతో మంది వస్తున్నారందుకు ప్రియంగా ఉంది.,3
આજની સાંજ મને ખુબ ભાલો આવી.,2
तुमच्या घराजवळ पाने लावलेली आहे.,1
त्या दिवशी मी स्टेडियमला गेलो.,1
तुमचे नाव काय आहे?,1
મને ખાણામાં આવતા બાળક એક સુખદ હોવાનું માનું છે.,2
The sun was shining brightly in the clear sky.,4
నేను ఈ రోజు బయటకు వెళ్ళాను.,3
तुमचे स्वरुप म्हणजे माझे सार.,1
The sun was shining brightly in the clear blue sky.,4
મને તમને મળી આવવું હતું પણ કરતાં કરતાં અળગુ થયા.,2
मैं आज सुबह ब्रह्मपुरी गया था।,0
મે આજે બાવલેટમાં ચા પિએ.,2
तुमचा राजकाडा माझ्या मनात काही स्थान देते.,1
मैं आज सुबह कáfी देर से उठा।,0
The sun is shining brightly in the clear blue sky.,4
నేను ఈ రోజు బయలు దేరాను.,3
હેમલટ આવી રહ્યો છે આનંદના દરબારે.,2
నేను ఈ రోజు బంధువుల సమావేశంలో వెళ్ళాను.,3
हे घरातील सगळे लहान मासे साधर्मय आहेत.,1
मैं कल स्कूल जा रहा हूँ।,0
આજે મને ખુશ લાગ્યું.,2
હું આજ સુખસાગર કાયકાલે આવી રહી છે.,2
The sun was shining brightly in the clear blue sky.,4
આ વરસે મને ખુશ થયું.,2
मैं आज सुबह काले रंग का कपड़ा लिया।,0
నేను సోమవారం వారు చూస్తారు.,3
अबारा मोर्याचे स्वागत होते.,1
అతను నగరంలో ఉండడం కోసం వచ్చాడు.,3
నేను ఈ రోజు బయటకు వెళ్లాను.,3
माझे नाव राहUL आहे.,1
The sun is shining brightly in the sky.,4
నేడు నేను తెలుసుకొన్న పుస్తకం చాలా బాగుంది.,3
અમે આજે કાફી સમય બીતો છે.,2
అతను బయటికెళ్ళాడు.,3
The sun was shining brightly in the clear blue sky.,4
तुमचे नाव काय आहे?,1
The sun was shining brightly in the sky.,4
ఆమె కాలేజీలో చదువుతోంది.,3
माझा नाव निखिल आहे.,1
मी दिवाळी सणाने माझ्याittest नातरला होता.,1
मेरी पत्नी आज कुकिंग में लगी हुई है.,0
सहा ऊज सावनात सापडला!,1
"મને ખાસ દિવસ આવ્યો છે, કારણ કે તેના દિવસે મેં મિત્રને મળ્યો છે.",2
అతను బయలుదేరాడు.,3
मैं आज शहर में घूमने जा रहा हूँ।,0
અમે આજે રાત્રે ફિલ્મ દેખાડશું.,2
The sun sets slowly over the rolling hills.,4
నేడు రాత్రి చిన్న భోజనం చేసుకుంటారు.,3
The sun is shining brightly today.,4
मैं आज सUNDAY के लिए प्र पर्याप्त करता हूँ।,0
The sun is shining brightly in the clear blue sky.,4
मैं आज कáfी सुंदर जगह पर गया।,0
The sun was shining brightly in the clear blue sky.,4
The sun is shining brightly in the clear blue sky.,4
त्याच्याजवळच एक स्मृतीचा साचा होता.,1
मैं आज सुबह काफ़ीocene करूँगा.,0
तुमच्या घरी पिस्तओंचा संचाल होत odd.,1
तुमच्यावरील देणे हे साप_TM_रा होते.,1
तुमच्या घरात केलेल्या नुसत्या कामाचा जोरवर मला गरजेच्या पात्रात आलो.,1
The sun was shining brightly in the clear blue sky.,4
मैं आज सुबह का नाश्ता pozdě खाया।,0
મને વિજયનગરમાં જલદી આવવાનું છે.,2
The sun was setting over the vast ocean.,4
હું ગાંધીનગરમાં વસતા હોઊં.,2
నా బంధువులు నేడు ఊరి నుండి వస్తున్నారు.,3
मैं सुबह नाश्ता खाता हूँ।,0
મને તમારી પરામર્શમાં લાભ આવ્યો છે.,2
The sun was shining brightly in the clear blue sky.,4
मैं आज सुबह कॉफी पी रहा हूँ।,0
The sun was shining brightly in the clear blue sky.,4
मैं आज स्कूल जा रहा हूँ।,0
मैं आज सड़क पर चल रहा हूँ।,0
The sun was shining brightly in the clear blue sky.,4
The sun was shining brightly in the clear blue sky.,4
She wore a red dress to the party.,4
मेरा नाम अंकित है.,0
મને અને તેમને મળી અને સરળ જમાટ પાંદર લઈ ગયા.,2
The cat purred contentedly on my lap.,4
मैं आज सुबह अपना ब्रेकफास्ट खा चuka हूँ।,0
वो सुबह का नाश्ता लेकर चला गया।,0
तुमच्याशिवायυπासctimeझालास.,1
నా పేరు రాహుల్.,3
રાજકોટમાં જાણે એક ઝરૂખાં છે.,2
मैं आज सुबह कॉफी पी-पी.,0
The sun is shining brightly in the clear blue sky.,4
मैं सुबह सैकड़ों किलोमीटर दूर की यात्रा पर निकला था।,0
त्याच्या घरात आज नांदी बोर होते.,1
મને ખુબ જ આનંદ આવે છે તમારી સર્વેસથી.,2
મને રવિવારે બાળકોની પાર્ટીમાં જવાન છે.,2
वह शहर में रहता है।,0
त्याला मी Yesterday हátka.,1
मी तुमच्याशी गुप्त सllvm.,1
मैं सुबह चाय पीता हूँ।,0
मैं आज स्कूल जा रहा हूँ।,0
तुमच्या घरी काही आहे का?,1
నేటి రాత్రి ఒక చాలా మంచి సినిమా చూడ్డం ఆహ్వానిస్తోంది.,3
माझे नाव सpeonचे आहे.,1
माझ्या श)::),1
त्या घरात हे बोलबолева आम्ही राहत&o,1
मैं आज कॉलेज जा रहा हूँ।,0
నేను పాఠశాలలో చదువుతున్నాను.,3
నేను ఈ రోజు పాఠం చూసాను.,3
तुमच्या घरात घरहा आहे.,1
నేను సోమవారం బండ్ల బక్సాకే వెళ్ళినట్లు ఉంది.,3
The sun was shining brightly in the clear blue sky.,4
నేను బతుకుతున్నాను.,3
నేను ఈ రోజు బయటకు వెళ్ళాను.,3
व_RATIO दालनातील कर्मचारी सिविल सेवा परीक्षेत जातात.,1
जoomla एक विश्वसनीय ओपन-सोर्स कंटेंट मॅनेजमेंट सॉफ्टवेर आहे.,1
मैं आज सुबह कॉफी पी रहा हूँ।,0
The sun is shining brightly today.,4
मैं आज सुबह खाना बनाता हूँ।,0
The sun was setting over the mountains.,4
The sun was shining brightly in the clear blue sky.,4
वह मेरे साथ घर गया है।,0
The sun was shining brightly in the clear blue sky.,4
मैं आज सुबह कáf़े गया था।,0
The sun is shining brightly today.,4
मैं आज सुबह कoffee पिएga।,0
મને અહીં ખાવા જોઈએ છે.,2
મને નવરાત્રીના દિવસે જમીર ખાવાનો ઈચ્છે.,2
त्या शाळेत मीучे वेळेत संपर्क करीन.,1
The sun is shining brightly in the sky.,4
मैंने आज सिनेमा देखा।,0
वे सुबह का नाश्ता कर रहे थे।,0
అతను నిర్మాతగా మారాడు.,3
माझे नाव श्रीधर आहे.,1
મને તમારી સાથે રવિવારે ચલી જવું હોત.,2
माझ्या आप्ताने पार्टीवर जाऊन halls.</br>,1
The teacher welcomed the new students to the classroom.,4
The sun is shining brightly in the sky.,4
माझा बाप मुंबईत राहतो.,1
तुमचे नाव काय आहे?,1
मेरे दोस्त ने आज शहर में फिल्म देखी।,0
मैं सुबह कáfी पीئरा खाता हूँ।,0
આજનો દિવસ ખૂબ સુંદર છે.,2
આજે મને કંઈક લગતુ થયું છે.,2
तुम्ही नालिबिला जाता.,1
मेरे घर में कучा चाय है.,0
అతను నాకు స్నేహితుడు.,3
तुमचे नाव कशे आहे?,1
तुमचे नाव काय आहे?,1
నేటి రాత్రి పద్మిని నాకు చాలా ఇష్టం.,3
મારા પરિવારને મને મિળવા ગારખડી મારતાં હતા.,2
આજ રાતે મને સંતોષ થયું.,2
She quietly closed the book and went to bed.,4
मेरी माँ ने आज कलर्फूल buys किया है.,0
She smiled as she walked out of the café.,4
मैं आज कोलकाता में चला गया हूँ।,0
મને તમારી સાથે ખુશાલ આવે.,2
मریم कॉलेज में पढ़ती है।,0
मैं आज सुबह आपको मिलूंगा।,0
The sun sets slowly over the rolling hills.,4
અમને રાત્રે ખુશ થાય છે.,2
The sun was shining brightly in the clear blue sky.,4
అతడు నగరంలో ఉండటం ద్వారా సంతోషంగా ఉంది.,3
The sun was shining brightly in the clear blue sky.,4
The sun was shining brightly in the clear blue sky.,4
అమ్మా నేను రాకపోయాను.,3
The sun is setting over the ocean.,4
The sun was setting over the mountains.,4
The sun was shining brightly in the clear blue sky.,4
मैं आज सुबह दोपहर भोजन के लिए घर गया था।,0
આ દિવસ ખુબ સુંદર છે.,2
అతను ఊరికి వచ్చాడు.,3
मैं आज कॉलेज जा रहा हूँ।,0
હું આજે ગામમાં રહું છુ.,2
आम्ही आज रात्री केल्यास नाहี.,1
मैं आज स्कूल नहीं गया।,0
मी आज पुणे या शहरात आहे.,1
The sun was shining brightly in the clear blue sky.,4
నేడు సంజీవి పాఠశాలకు వెళ్ళాడు.,3
నేను ఈరోజు బంధువులతో సంతోషంగా ఉన్నాను.,3
મને ખુશાલ થાય છે આજે રંગભૂમી જવાનું કરે છે.,2
The sun was shining brightly in the clear blue sky.,4
મને ખાસ કરતાં તમને જ જરૂર છે.,2
The sun is setting over the ocean.,4
నేను ఈ రోజు స్కూల్ కు వెళ్ళాలి.,3
आमच्या घरात चहा प_hide_तो.,1
मी आज पुणे साठी न_Tickmed.,1
मी तुमच्याशी मSortable सापडलो.,1
నన్ను చాలా జాతకాలు చూసింది.,3
આજ રાત સુખસાગરથી ગયા છે.,2
నేల మీద నుండి మొక్కులు ఎదుగుతున్నవి.,3
నాకు భార్య ఉంది.,3
हे रношीले माझ्या प्रियाचे हーティयाने स्थापने.,1
అతడు సూర్యుడిని చూడలేదు.,3
నాకు ప్రియమైన పుస్తకం ఒకటి ఉంది.,3
मैं आज अपने दोस्तों के साथ फिल्म देख रहा हूँ।,0
तुमच्या घरात काही नाही.,1
तुमच्या घरी काही सील होते.,1
મને ઘરે ફેરફરતા આવતો એક ચંદલ મળી ગયો.,2
నేను మామల్ని కలుసుకున్నాను.,3
तुमच्या घरात तुमचा नवराện सोई आहे जelen.,1
The dog ran quickly through the field.,4
मैं आज सुबह अपने दोस्त से मिलने जा रहा हूँ।,0
The sun sets slowly over the rolling hills.,4
The sun was shining brightly in the clear blue sky.,4
હું આજે સંજે ફરીથી માતાજીને મળું છે.,2
मी सुबह उडत आहे.,1
मैं आज कॉलेज जाता हूँ।,0
The sun is setting over the rolling hills.,4
મને રસકારજોગાં ખાવા માગે છે.,2
Tilakāchya shikshākumārī sarkārī kamālālāy zālā bhāloānāt.,1
वही घरी आल्या तर खाली खाण्यासाठी काही ठेवा.,1
त्याने माझाітуना घेतले.,1
నాకు తెలుగు భాష చాలా ఇష్టం.,3
तुमचे नाव काय आहे?,1
माझा खर्च अधिक झाला आहे.,1
तुमच्या घरी का होते?,1
నేను ఈ రోజు బయటకు వెళ్ళలి.,3
నేను ఈరోజు బయటకు వెళ్ళాలి.,3
The sun is shining brightly today.,4
The sun is shining brightly in the clear blue sky.,4
मैं आज सुबह कॉफी पिलाने जा रहा हूँ।,0
నేను ఈ రోజు స్కూలుకు వెళ్ళాలి.,3
मैं आज सुबह स्कूल गया।,0
నేను నా స్కూలు కు వెళ్ళాను.,3
माझा भावाचा संसारгляд.,1
મને આજરાત ના ગામમાં વિહાર કરવા આવ્યા છે.,2
मी आज गाडी चालवत आहे.,1
तुमची नावे माझ्या जवळ ठेवा.,1
నాకు తినాలనున్న తొలి పండు అన్నావా?,3
The sun is shining brightly outside.,4
लगनाचे तुमचे काम होत आहे.,1
मैं आज सुबह सुबह कॉफी पी रहा हूँ。,0
ఇది తెలుసు.,3
The sun is setting over the ocean.,4
मेरे माता-पिता मेरे साथ रहते हैं।,0
She carefully packed her suitcase for the trip.,4
मैंने आज रात्री फिल्म पहाण्यात आवडते.,1
मैं आज सुबह कॉफी पीना पसंद करता हूँ।,0
The smell of freshly baked cookies filled the entire house.,4
मैं आज क 學े गया हूँ।,0
నేను ఈ రోజు కాఫీ తిన్నాను.,3
ఎక్కడం నాకు ఇష్టం.,3
मेरे FRIENDS के साथ Cineworld में फिल्म देखी।,0
त्या दिवashi तुमच्यासमोर होती.,1
నేను ఈ రోజు ప్రస్తుతం కాలేజీకి వెళ్ళాలి.,3
મારા ભાઈએ આજે સાકરથી લાવ્યો.,2
The cat purred contentedly on my lap.,4
मैं आज सुबह कॉफी पीने गए थे।,0
The sun is setting over the ocean.,4
The sun is setting over the ocean.,4
मैं आज सुबह कॉफी पी रहा हूँ।,0
तुमच्या आज्ञेपेक्षा मी सीडा लावला आहे.,1
टくだत च्या घरात कष्ट होत हे!,1
నేను ఇన్నిరోజులు సుఖంగా ఉంటాను.,3
అతడు బైక్ ఎక్కాడు.,3
મને વાક્ય લખીને સચેત થયું.,2
నన్ను ఎప్పుడైనా కలవాలనుండి అటువంటి ఒక రోజు వస్తుంది.,3
तुमचं नाव कशे आहे?,1
મને રાત્રે ચા પીવું હોતું છે.,2
મને તમારી સાથે સંતોષ થાય છે.,2
तुमच्या घरातील खाऱ्याचा सेवन करु नये!,1
నేను ఈరోజు కాఫీ తొక్కాను.,3
આ દિવસ મંગળવાર છે.,2
माझ्या आईचे घर चープडे.,1
આ દિવસ સુંદર છે.,2
నేను ఈ రోజు పార్కులో వెళ్ళాను.,3
तुम्हाला माझे सापडले कसे आहे?,1
నాకు చాలా ఇష్టం కాఫీ.,3
તમે છે જેને મને મજા છે.,2
मैं आज शहर में घूमने جा रहा हूँ।,0
అంతా చక్కని రోజులు ఎక్కడా ఉండవు.,3
मैं आज कॉलेज नहीं जाऊँगा।,0
મને ખાડા તેમ જ ખાજામાં જઇએ.,2
నేడు చల్లా పడింది.,3
અમે આજે ઘરે રહેશુમ.,2
मैं आज सुबह कoffee पीogs रहा हूँ।,0
అమ్మాయి బంగారు ఆభరణం కొనుక్కుంది.,3
The sun is setting over the ocean.,4
આજે મને ખુશાલ આવી છે.,2
हे चने का शिवाय येत नाही.,1
She carefully placed the fragile vase on the shelf.,4
આજે મને ખુશ કરે છે.,2
આ ખરાબ દિવસે મને લાગવુ આવ્યું કે હું સારા થવાને ભરવાડો કરીશ.,2
मैं आज सुपругा साथ सिनेमा जा रहा हूँ।,0
त्यांच्यावर आज समोरच तुमचा सखा होता आहे.,1
The sun was shining brightly in the clear blue sky.,4
నేను కనపడాలనుకుంటున్నాను.,3
माला आज शहरातील परिसरात सैर करीत आहे.,1
मनाला माझा सاوندेकडेowellे आहे.,1
આ ચાયે તેના પર સૂરજ ઉપર ઊઠી ગયું.,2
મને રાત્રે ઘરે સુખ હોય છે.,2
त्या शहरातील प्रवासात मी काही न&Rough<div>,1
The sun was setting over the ocean.,4
तुमच्यावर्षात काय घडते?,1
The sun was setting over the ocean.,4
मी आज शालेय आकृती सेशनच्या नियमित साधर्म्याने आहे.,1
The sun was shining brightly in the clear blue sky.,4
నేను ఈ రోజు కాఫీ కొన్నాను.,3
આજે મને ખાણે જવાડી છે.,2
నేను ఇప్పుడు ఏదో చేస్తున్నాను.,3
મને રમત થાય છે.,2
મમે આજે નવરાત્રીના ઉત્સવમાં જઈને આપણને મિલાઈ જવું છે.,2
मेरी माँ आज घर पर खाना बना रही है.,0
આવજો રાત્રે મને શું બતાવશો.,2
The sun was shining brightly in the clear blue sky.,4
वह सुबह शहर में चला गया।,0
माझे नाव राहुल आहे\.,1
मैं आज सुबह कафे में गया था।,0
నేటి రోజు నాకు ఎక్కువ కష్టమా?,3
तुमचे नाव श्रीलाल असते का?,1
तुमच्या घरात काही आहे का?,1
The sun was shining brightly in the clear blue sky.,4
मैं आज स्कूल गया।,0
నేడు రాత్రి కాల్షియం భోజనం చేస్తున్నాను.,3
मैं आज सुबह कॉफी पी रहा हूँ।,0
నేలు ఎంతో అందంగా ఉంది.,3
मैं आज की सुबह का काफीले साथ बगीचे में गया था।,0
The sun is shining brightly in the clear blue sky.,4
అమ్మా నేను కాఫీ కొంటున్నాను.,3
तुमच्या घरातील उपहाराने म 籌.,1
मैं आज स.setColumn कुछ पढ़ना चाहता हूँ।,0
The sun was shining brightly in the clear blue sky.,4
मैं सुबह का नाश्ता खा रहा हूँ।,0
અમે આજે સવારે કાફી પિયાસો થયા.,2
She smiled at the bright sunshine.,4
મને તમારી અનેક આનંદનીય સમાચારો આવ્યા છે.,2
આજ રાત સુધી મને ઘણી સમસ્યાઓ વગર સુધી જઈ ગયા છે.,2
నేను ఈ రోజు పార్కుకు వెళ్ళాను.,3
हे माझे निमित्त कऱ्याच होते!,1
"म.LatLng 20.9433° N, 75.7853° E.",1
నేటి రాత్రే నేను చూడాలనుకుంటున్నాను.,3
The sun is setting over the ocean.,4
The sun was shining brightly in the clear blue sky.,4
મારી સોળ વર્ષની બાળકને પાસા લગાડયા.,2
त्या दिवसी माझा मित्र पुढील शहरात गेला होता.,1
मोहित ने आज सुबह कहीं जाने की योजना बनाई।,0
हे शहर खूप सुन्दर आहे.,1
నేను ప్రతిరోజూ కాఫీ తో తెలుస్తాను.,3
तुमच्या घरात काही होता.,1
The sun was shining brightly in the clear blue sky.,4
నేను ప్రతి రోజు తెలుగు నిలబడుతున్నాను.,3
મને ખાનાવટલાયક વ્યાપારી કરાર કરવાનો છે.,2
मी तुमच्याशी खुश आहे,1
वह एक अच्छा किताब lire का शौकिन था।,0
मैं आज दोपहर में पार्क जाने वाला हूँ।,0
నేను ఈ రోజు పాఠాలు చదివాను.,3
મને રાત્રે ખાણા પસંદ આવે છે.,2
माझे नाव राजシェष्ठ आहे .,1
આજે મને રસાયણશાસ્ત્ર ઉપરાંત કોઈક સંતોષીત સંભાળ જોખિયાત છે.,2
నేడు వంట చేస్తున్నావా?,3
నేను పాఠాలు చదువుతున్నాను.,3
મને આજે ખુશી થઈ છે.,2
అతను బాబాయిలను ఇంటికి తీసుకువస్తాడు.,3
मेरी माँ मुझे आज कल 학교 में नहीं发送 करती.,0
मैं आज शहर में गया था।,0
నేడు రాత్రి భోజనం చేయను.,3
అతను వెళ్ళాడు కాలేజ్.,3
నేను ఈ రోజు స్కూలు మొదలు పెట్టాను.,3
నేను బుక్లర్ ప్రెయర్ తింటాను.,3
నేడు రాత్రి మళ్ళీ వస్తుంది.,3
मैं आज सुबह से काम पर गया।,0
મને ચહેરોથી યાદાવરણનો સૌથી સારો સમાચાર આવ્યો હતો.,2
The sun is setting over the ocean.,4
She carefully crafted her response to ensure accuracy.,4
महत्त्वाच्या कार्याने सोपाने प्रगत होते.,1
मैं आज सूरज के पास जा रहा हूँ।,0
હું આજે શક્ય છું કારણ કે મને પ્રસન્ન થયું.,2
मैं आज स.utfddf सुबह का ब्रेकफास्ट खा रहा हूँ।,0
તેણે ઘરે આવ્યો છે.,2
मैं晓्दातक द्वारा आजकल स्वागत है。,0
આ એક સુંદર રાત છે.,2
అతడు ఊరికి వెళ్ళాడు.,3
मैं आज सुबह कॉफी पी रहा हूँ।,0
ते माझे मित्र निघाले.,1
నేడు రాత్రి ఎక్కువ విశ్రాంతి తీసుకుందాం.,3
నేలపై నిలబడి ఉండాలి.,3
મને આજે ખાસ દિવસ લાગ્યો છે.,2
నేను బోర్డులో చదువుతోంది.,3
The sun was shining brightly in the clear blue sky.,4
हे खýšे या वाढते.,1
The sun was shining brightly in the clear blue sky.,4
The sun was shining brightly in the clear blue sky.,4
मैं आज सुबह अपने दोस्त से मिलने जा रहा हूँ।,0
The sun is shining brightly today.,4
मैं आज सुबह सागर के निकट चला गया।,0
तुमचे नाव कशشو?,1
The sun was shining brightly in the clear blue sky.,4
મને ખુબ વળગાસ છે.,2
ఈ రోజు నాట చాలా మంది విద్యార్థులు బోర్డింగ్ హౌస్లో ఉన్నారు.,3
तुमचे घर एकदमच खुप सुन्दर आहे.,1
The sun is shining brightly in the clear blue sky.,4
तुमचे नाव काय आहे?,1
त्याच्या घरात फुलवले होते.,1
The dog is very happy today.,4
The sun rises slowly over the horizon.,4
माझे मित्र मुख्यमंत्री होतात.,1
मैं आज सुबह साइकिल पर गया।,0
मेरी मां ने आज मुझे कुक्कड़ दिखाया।,0
నా బంధువులు నా ఇల్లు తరలించారు.,3
મને રમતમાં ખુશી આવે છે.,2
આ દિવસ સારા હોય.,2
शिवसेनेचे नेते उद्धव ठाकरे यांच्या नेतृत्वात पार्टी ग्रामीण क्षेत्रातील लोकांमध्ये लोकप्रिय झाली.,1
मैं आज सुबह चाय पी रहा हूँ।,0
मेरा नाम सumpter है और मैं सूचना технологी का पाठ्यक्रम नामी हूँ।,0
The sun is shining brightly in the clear blue sky.,4
तुमच्या घरी कोणतेच तप्पा नाही.,1
నేను ఈ ఊరుని పిలవలేదు.,3
She carefully arranged the flowers in the vase.,4
मैं आज शहर में जा रहा हूँ।,0
माझे नाम संकेत आहे.,1
મને ગામમાં બહુ સુંદર દિવાળી ઉજવણી આવી છે.,2
मैं आज सुबह सूरज प्रात को निकला था।,0
मैं आज सुबह कॉफी पी रहा हूँ।,0
मैं आज कहीं जा रहा हूँ।,0
నేను ఈ రోజు రాత్రి నగరంలో ఉన్నాను.,3
The sun is shining brightly in the clear blue sky.,4
The sun is shining brightly in the clear blue sky.,4
तुमच्या आईचे नांव कृष्णा.,1
મને ખુબ જ ભારેલુ લગતુ છે.,2
હું ગામમાં રહોતો હોઉને એક નવી ચાહાંવાળી ગામમાં આવીને ઘરે આવ્યો.,2
तुमचे घरात पाणी आहे.,1
The sun was shining brightly in the clear blue sky.,4
मैं आज कार्यालय जा रहा हूँ।,0
The sun is setting slowly over the ocean.,4
वह सुबह स-eslint से हासिल किया गया मूवी था।,0
माझे मैत्रिणी माझ्या घरी येते.&ZeroWidthSpace;,1
मैं शहर में रहता हूँ।,0
અમારા પરિવારમાં તમામ સભ્યોએ મળી રહે છે.,2
The sun was shining brightly in the clear blue sky.,4
నేను ఈ రోజు కాలేజికి వెళ్ళాలి.,3
खर_CLIP_board_वरून_मार्ग_सुद्धा_च_नाकाशात._,1
मैं आज कॉलेज जा रहा हूँ।,0
నేను ఈ రోజు సెలవు తీసుకుంటాను.,3
The sun is shining brightly in the clear blue sky.,4
The sun was shining brightly in the clear blue sky.,4
तुमचे नाव कशें आहे?,1
આજે મને ફરી એક મગનો ઘાલો ખાવા લાગ્યો.,2
मेरी माँ काफ़ी अच्छा कुकिंग कर लेती है।,0
నేను ఈ రోజు బయటికి వెళ్ళాను.,3
મને ખાજાનું ચાહવાને ભરમાં આવ્યું.,2
આજ રાત ભાઈબાપામાં અમે ભોજ કરીએ છે.,2
આ બાળક ખેલાવા માટે જાય છે.,2
मैं स_CTX से लौटा हूँ।,0
मैं आज सुबह का नाश्ता खा लिया।,0
The sun is setting over the ocean.,4
तुमच्या घरातीला काही चीज शोधत आहे का?,1
तुमच्या आईच्या घरी आहे.,1
મને આજે બહુ થી ભારે લાગે છે.,2
నేను ఈ రోజు పిల్లలతో కలిసి ఆటలు ఆడుతున్నాను.,3
મારા બાબાએ આજે મને કહ્યું કે રાત્રે ઘરે આવો.,2
అమ్మా నాకు ఇస్తే నేను చాలా సంతోషించేవి.,3
मी आज शहरात कاسه खरीदत आहे.,1
હું ગાંધીજીને મારી માતાજી તરીકે જાણું.,2
तुमचे नाम काय आहे?,1
तुमच्याशी मला नीट लागले आहे!,1
The sun is setting over the ocean.,4
पुण्याचा रक्षाबल्लाला खूप प्रिय आहे.,1
She carefully composed the letter to her old friend.,4
तुमचे आठवणी आजच्या दिवशी होती.,1
The sun is setting over the ocean.,4
मैं आज 도시 में जा रहा हूँ।,0
तुम्ही आजच किती प9625 करअถานे आला!,1
నేను ఈ రోజు పాఠాలు చదవాలనుకుంటున్నాను.,3
అతను స్కూల్ గోవుతున్నాడు.,3
मैं आज शहर में जा रहा हूँ।,0
నేను ఈ రోజు బైక్ పైనే పోతున్నాను.,3
मैं आज कॉलेज जा रहा हूँ।,0
મને આજે સાંજે નવસમયે રહેવાનું છે.,2
The sun is shining brightly today.,4
The sun is shining brightly in the clear blue sky.,4
The sun is shining brightly in the clear blue sky.,4
నేను ఇంట్లో ఉండాలనుకుంటును.,3
મુનની ભાઈએ અમને ખાજાલ ક્રમે પંચમશાસન કર્યું.,2
मैं आज चर्चा में गया।,0
मी आज शहरात जात आहे.,1
तुमचे घर लागते या साली.,1
The sun is setting over the ocean.,4
મને ખૂબ યાદ આવે છે જે તમને મળતા તેડામાં મારી તને મળેલ કારજ અલગ જ છે.,2
The sun is shining brightly in the clear sky.,4
నేను కాలేజ్‌లో చదువుకుంటున్నాను.,3
The sun was setting over the ocean.,4
నేడు రాత్రి ఊరంలో సంజీవం తినాలి.,3
నేను ఈ రోజు కోడిపండు తీసుకున్నాను.,3
మా గోత్రం పెద్ద దేవాలయంలో ఉంది.,3
నేను ఈరోజు బంధువులతో భోజనం చేశాను.,3
આજે સવારે મને કાફી લાગી.,2
The sun sets slowly over the mountains.,4
The sun is shining brightly in California.,4
She walked alone in the rain.,4
मैं आज सुबह का नाश्ता खा नहीं पाया।,0
The sun is shining brightly today.,4
वह स्कूल में जाता है।,0
నాన్న అన్నమార్గాన వచ్చాడు.,3
મિત્રો ને શામેલ કરતા હોય ત્યારે ઝાડવાની અને મને એક સન્માનજનક સન્માન આપશે.,2
આ દિવસે મને કાફી અસહીંયાર લાગ્યું.,2
चानाल स्टूडेट्स निमittा विद्यार्थी चा संस्कार करवितात.,1
The sun was shining brightly in the clear blue sky.,4
तुमच्या घरात काही आहे का?,1
ఆమె చెప్పింది నేను విన్నాను.,3
तुमच्या घरी मोगरा लपेटला होता!,1
అతను నిత్యం పాఠశాలకు వెళ్ళుతోంది.,3
तुमच्याशिवाय काहीही असणार नाही .,1
The sun was shining brightly on the beautiful beach.,4
हा शहर क.GetItem,1
मैं सोमवार सुबह स鲜花 ख़रीदने जा रहा हूँ।,0
तुमचे नाव काय आहे?,1
The sun was shining brightly in the clear blue sky.,4
तुमच्याविषयी काही कळत नाही.,1
તેણે આજે ભાઈને ફોન કર્યો છે.,2
The sun is setting over the ocean.,4
मेरे पिता आज शहर में कार्य कर रहे हैं।,0
నేను ఈ రోజు నా స్కూల్ కు వెళ్ళాలి.,3
मैं आज सुबह स्कूल गया.,0
तुमच्या घरात काही होत आहे.,1
मैं आज सुबह कॉफी पी रहा हूँ।,0
అన్నమాకు ప్రతిరోజూ అన్నం తింటుంది.,3
The sun was setting over the ocean.,4
मैं हर रोज कafे जाता हूँ।,0
तुमच्या नामाची शेवटची रंगणी मला कळते.,1
కొత్త వాహనం కొనుగోలు చేయడానికి ఏర్పాటు చేస్తోంది.,3
The sun is shining brightly outside today.,4
She walked through the park on a sunny afternoon.,4
મને રસપરંપરા ખાવાની હોય છે.,2
मेरा नाम राहुल है।,0
तुमच्या घरात किती माणसे आहेत?,1
నేను చెప్పాలనుకుంటును.,3
મને આજ સાંજ બહાર વાટિકામાં ઘૂમ્યું છે.,2
నేను వచ్చి మాట్లాడుతున్నాను.,3
મને શુક્રવારે તમારી સરકાર નગરમાં આવે છે.,2
मैं सड़क पर चल रहा हूँ।,0
નગરમાં કાફિ પિયાસો વ્યક્તિએ રસ્તે વળતી હતી.,2
तुमच्यातील सगळे अच्युत आहे.,1
"મને શું પસંદ છે, તેનો મુખ્ય કારણ એવો છે કે તેઓ મજાજારની છે.",2
मैं आज सुबह सुबह झoperandUMMY गई ।,0
वह आज शहर में गया.,0
माझा बडा भाऊ माधव यांचे नाव मगदासाlett.,1
The sun is setting over the horizon.,4
મને આજે નવા વિજનરો સાથે મળવા જોઈએ.,2
मैं आज सुबह कáfे चला गया।,0
The city was bustling with activity.,4
The sun is setting over the rolling hills.,4
तुमच्या घरातीलphinxे फ़िरत फ़ेंकीला होत असले आहेत.,1
నేను స్కూలు వస్తున్నాను.,3
माझाensem कळड्याचा स्वागत करतो.,1
నేడు చాలా వేడిగా ఉంది.,3
तुमचा नाम काय असते.,1
मेरे घर में लगा हुआ त树 बहुत बड़ा है।,0
तुमचा नी अहिंसा होत.,1
నేను ఈ రోజు బయటకు వెళ్ళలను.,3
నేను ఈరోజు రాత్రి కొంత చదివాను.,3
त्या दिलचास्तातील नागपुरातील मच्छीळी ट्रेनचा रोजेकी एका शातामी संडे होता.,1
నాగరాలను నేటి పాండితులు పరిశోధిస్తున్నారు.,3
આજે મને કાફી લાગે છે.,2
నేను ఈ రోజు స్కూలు వెళ్ళాను.,3
నాకు ప్రియమైన విషయము చదవకుండా ఉండటానికి చాలా కాలంగా ఉంది.,3
मी शुक्रалю असल्याचे सापडले!,1
मला त्या वस्तूचा शोध करत असताना माझा कुतルा जळाला.,1
నేను ఈ రోజు తెలుసుకున్న కథనాన్ని బాగా పట్టించుకున్నాను.,3
माझ्या druž्याचे जन्मदिन काही दिवसात आहे.,1
అన్ని రకాల మనిషి సుఖంగా ఉంది.,3
The sun is setting over the ocean.,4
तुमच्या घरात कूलर नाही.,1
મને સવાર જઈ રહ્યા છે.,2
The sun was shining brightly in the clear blue sky.,4
The sun is shining brightly in the clear blue sky.,4
मेरी मẹ आज हमारे घर जा रही है।,0
मैं bugün शहर में जाऊँगा.,0
मैं आज सुबह कॉफी पिया है।,0
నేను ఇద్దరు సోదరుళ్ళను కలిసి వచ్చాను.,3
माझ्या साप터 काचा हवा लावला जाते.,1
मी कलकत्त्यात राहतो.,1
నేడు రాత్రి చల్లగా ఉంది.,3
The sun sets slowly over the horizon.,4
ఆరోగ్యం కోసం మనం కరవులను మార్చుకుందాం.,3
આજે નવું સાધન લખ્યું.,2
मैं आज सुबह कáfी जल्दी सो गया।,0
હું ગાંધીનગરમાં રહે છુ.,2
મને તમારી માટે જ હાથે એક સુવર્ણ તલવરેલું આધાર છે.,2
"મને ખાન ક્યારે ફાઈલ આવશે, તે ખબર પડવાની હોવાને હું આંખેડાતા રહેવાને ચાહે.",2
నాకు తిరుమలకు వెళ్ళాలనుకుంటున్.,3
हे शहर सुंदरमध्ये आहे.,1
त्यातन_LOADING होतं.,1
मैं आज मОР्निंग वॉक पर निकला हूँ।,0
મને રસતૂઇ જતા હોવા જોયે છે.,2
મને ખુબ જ લાગે છે કે આજનો જમાં એક સુંદર દિવસ રહેશે.,2
అన్ని పుస్తకాలు నాకు ఇష్టం.,3
The sun is setting over the ocean.,4
મને આજે ખુશાલો લાગે છે.,2
खर्चीला ही भीत नाही तलवार मारण्यासाठी!,1
मैं सुबह कॉफी पीता हूँ।,0
मैं आज शहर में चाय पीने जा रहा हूँ।,0
ఆమె నువ్వే నాకు ప్రియురాలు.,3
મિત્રને દિવસે કહું કે આજે મારા પરિવારની જયંતી છે.,2
मैं अपने घर जा रहा हूँ。,0
నేను ఈ రోజు కాఫీ కొంటాను.,3
वह आज सινεما गया था।,0
આ ખરીદને શુકરાનો મગજો પડ્યો.,2
મને આજે ખુબ સુખ લાગ્યું.,2
అతను సాయంత్రం ఊరిలో సెలవు దొరుకుంది.,3
આજે મને ખુબ જ લાભ થયો.,2
मला तुमच्याशी भेट लावली.,1
આમને ભારતની સંસ્કૃતિ ખૂબ પ્રિય છે.,2
నేను ఈ రోజు పార్కుకు వెళ్ళాను.,3
મને ગામમાં રહેતાં હોવા છે.,2
मैंने आज सुबह अपना बसंत कर दिया.,0
The city was bustling with people.,4
આજે મને રાત્રે ફરવા ગઈ.,2
वह शाम को कैंटीन में गया था।,0
मैं आज हॉस्पिटल जा रहा हूँ।,0
The sun is shining brightly in the clear blue sky.,4
The city is bustling with energy during the summer months.,4
The sun was setting over the mountains.,4
मैं आज सुबह कинокमर्स मनाया।,0
तुमच्या घरात काही आमचे रेष्टॉरंट देखील असते.,1
મને ખુશી થાય છે કારણ કે હું ગાયકર છું.,2
મને ખુશી થયા કરી તો આજે રવિવાર છે.,2
मैं आज शहर में सeinा जा रहा हूँ।,0
मैंने आज क्षेत्र से अपना घर लौटा है.,0
నేను ఇంటికి వెళుతున్నాను.,3
The sun is shining brightly in the sky.,4
तुमी कधीetroit मधे आलात?,1
મને પાડવાને આવિયું ઈર્ષા છે.,2
तुमच्या घरात काही होतंय का?.,1
तुमच्या घरात कAFE नाही\.,1
म[jj] ने माझे ड्राइव्ह पास केले.,1
నేను కాలేజీలో చదువుతున్నాను.,3
આજે મને ખૂબ લાગે છે.,2
यज्ञात जावे लागले!,1
The sun was shining brightly in the clear blue sky.,4
वह सब्जी का स्वयं सेवा केन्द्र सही दिशा में चला गया है।,0
The sun is shining brightly in the clear blue sky.,4
मैं आज कॉलेज जा रहा हूँ।,0
నాకు ప్రియమైన గాయకుడు ఎన్టీఆర్.,3
The sun is shining brightly today.,4
तुमच्या घरात तुमचा भाऊ असतो.,1
She carefully poured the coffee into the cup.,4
The sun was setting over the rolling hills.,4
నేరెడు నది పడమటి దిశగా ప్రవహిస్తోంది.,3
The sun was shining brightly in the clear blue sky.,4
The sun is shining brightly in the clear blue sky.,4
నేను ఈ రోజు బుక్కమ్మ జంటకు కాలం కొట్టాను.,3
నేను ఈ రోజు కాలేజికి వచ్చాను.,3
આ ગામે સારા જમીનવાળા કાફળો લાગતા હોય છે.,2
મને શનિવારે ભળી જવું છે.,2
माझे नाव राम आहे!,1
મને તમને મળવાની જરૂર છે.,2
నేను ఈ రోజు పండుగ జరుపుకుంటున్నాను.,3
मी आज शहरात जाऊंड्या होते.,1
આજે મને ખાનારો ખાવાનો ઈચ્છો છે.,2
The sun was setting over the ocean.,4
મને તમારી સહાય જરુર છે.,2
అన్ని పిల్లలూ పెళ్లి చేసుకొని సంతోషించాలి.,3
నేను రాత్రికి పోతున్నాను.,3
मैं शहर में रहता हूँ।,0
मujhe लغة सीखने में बहुत 관심 है।,0
वह समाचार पत्र पढ़ा और बड़ा हुआ।,0
The city is surrounded by beautiful mountains.,4
నన్ను కలిసి రావాలి.,3
The sun was setting over the mountains.,4
The sun was shining brightly in the clear blue sky.,4
મને ગણિત ખૂબ યાદ આવતું છે.,2
तुम्ही आज होणार नसात.,1
મે આજે શક્ય હતું નહીં કહેવત.,2
तुमच्या घरात काही आहे का?,1
నాకు చాలా ఇష్టము నిజాం.,3
मी आज शेंドルमध्ये जा रहोणार होतो.,1
આજ રાત માં હું ફિલ્મ દેખશું.,2
నేటి రాత్రి నాకు చాలా బాధ.,3
तुमचे घर आतले आहे का?,1
माझ्या घराजवळची लाइब्ररी एकदमच चैतन्याची आहे.,1
मैं सोमवार को कॉलेज जाता हूँ।,0
The sun was setting over the horizon.,4
The sun was setting over the ocean.,4
The sun was shining brightly in the clear blue sky.,4
అతను నగరానికి వచ్చాడు.,3
तुमचा नाम काय आहे?,1
She laughed loudly at the funny joke.,4
The sun was shining brightly in the clear blue sky.,4
तुमी आज काही करावays.,1
मैं आज शाम सिनेमा जा रहा हूँ।,0
અમે આજે ગાંધીનગરે રહ્યા છે.,2
मैं आज सुबह कॉफी पिया।,0
నేను ఈరోజు బయటికి వెళతు.,3
मैं आज सुबह कॉफी पीने जा रहा हूँ।,0
मैं शनिवार को कोलकाता जा रहा हूँ।,0
అతడు నేటికి పెళ్ళిచేసుకున్నాడు.,3
હું આજ સવારે પાકા ફળ ખાતા હોઉં.,2
तुम्हाला शिवाय काही माहित नाही.,1
અમારા ગામનો ભાઈ રજપુત આજે નક્સલમાં જલ્દી લઈ ગયો.,2
मैं अपने घर पर खाना बना रहा हूँ।,0
આજ સવાર માટે હું કફે પામી.,2
મારી કપડાં પકડીએ છે.,2
મને કાફિ પડતી હોવા છતાં જવાબ આવતા નથી.,2
मैं न्यूयーク में रहता हूँ।,0
నేను ఈ రోజు కాలేజి విద్యార్థిని.,3
મારા પિતા ગામમાં વસતા હતા.,2
The sun was shining brightly in the clear blue sky.,4
The sun is setting over the horizon.,4
આ દિવસ સૂરજ ખૂલ્યો છે.,2
मैं आज बस्स से घर आया।,0
అతను పదునాళ్లకు ముందు వంట అనేలారు.,3
నాకు తెలుగు చాలా ఇష్టం.,3
तुम्ही आपल्या स:\/\/:\/\/Enviarाचा प्रयोजन कशाला आहे?,1
నేను సాయంత్రం బయలుదేరుతున్నాను.,3
तुमच्या घरी कkbdoulder.,1
She walked down the quiet street.,4
तुमी सडकीवर सैर करू शकता का?,1
माझे नाव राहुल आहे.,1
આજન્યાં રાત્રે મને ઘરે થાય છે.,2
నేను ఈ సారి తెలుగు చదువుతున్నాను.,3
నేడు సోమవారం.,3
అతను ఈవేళ ఊరిలో ఉన్నాడు.,3
मैं आज सिनेमा जाना चाहता हूँ।,0
वह कूप में पानी भरा हुआ है.,0
તે રાત્રે મને સવાર કરવા માટે બહુ સમય લાગ્યો.,2
आमचा वहини आज शहरात आला.,1
నేను నారాయణన్ అనుకోకుంటారు.,3
నేను ఆరోగ్యంగా ఉన్నాను.,3
तुम्ही आज राहत आहात क Shan.,1
నేటి రాత్రి మార్కెట్లో కొన్ని వస్తువులు విపరీతసాధారణ మీధర్మం కొట్టబడుతున్నాయి.,3
મને રંગભૂમિમાં આસાન થાય છે.,2
मैं आज सुबह कafe में गया था।,0
मैं स čtudents में हूँ।,0
ఈ రోజు నన్ను ఎప్పుడైనా చూస్తారా?,3
నేను ఈరోజు కలలు కన్నాను.,3
मैं आज शहर में जाऊँगा क्योंकि मेरे दोस्त की शादी है।,0
त्या दिवशी मी शहरात आलो.,1
वह सुबह कáf है।,0
મને ખૂબ જ ખાવા માટે ઈશ્વરને અભિજ્ઞા છે.,2
The sun was setting over the mountains.,4
મને ઉમેર સાથે ચા પિયાથી પસંદ છે.,2
त्या दिवशी मी कोलhapरला गेलो.,1
నేను బోర్డుని చూసాను.,3
నేడు నాకు ఎక్కువ పని ఉంది.,3
The sun is setting over the mountains.,4
నేను ఆరోగ్యంగా ఉన్నాను.,3
The sun was shining brightly in the clear blue sky.,4
वเศรษฐी ने नया घर खरीदा है।,0
నేడు నాకు చాలా బాధ లేదు.,3
मेरे दोस्त ने आज सुबह कॉफी खरीदी।,0
The sun was shining brightly in the clear blue sky.,4
तुमच्या घरी काही होतंय.,1
मी नआल सपना बघतो.,1
तुमच्या घरात काही चाकुल आहे.,1
मैं आज सुबह स्टडी कप्स कि मदद से अपने प्रोजेक्ट का हिस्सा पूरा कर लिया।,0
આજ રાતે મને ઘરે થાય છે.,2
मह तशाच संध्याकाळ चालला.,1
నేను ఇంటికి వస్తున్నాను.,3
నేను ఆకతాయ్ అన్నాను.,3
મેં આજે શક્તિમાં તમને મળવા ગયા છે.,2
मैं आज सिनема जा रहा हूँ।,0
मैं आज सινή लेख लिखने गया.,0
तुमचा कधीही सुंदर दिवस आला जाईल.,1
मैं आज सुबह कॉफी पीने गए थे।,0
હું આજે ઘરે રહેતા હતા.,2
तुम्हाला शुक्रअला!,1
मैं आज सुबह काफ़ी देर से सोय़ा हूँ।,0
मैं आज कॉलेज जा रहा हùng.,0
నేను ఈరోజు బాలయ్య అనే సినిమాకు వెళ్ళాను.,3
The sun was shining brightly in the clear blue sky.,4
મને તમને આજ રાત કાલે મળેલા છે.,2
मैं आज सुबह कॉफी पीने जा रहा हूँ।,0
The sun is shining brightly today.,4
The sun is setting over the ocean.,4
The sun is shining brightly in the clear blue sky.,4
నా తల్లి నగరంలో ఉంది.,3
The sun was shining brightly in the clear blue sky.,4
આજની સરકાર આમને સહાય કરે છે.,2
The sun was shining brightly in the clear blue sky.,4
त्यांच्याकाशी मी सрещत असे होते.,1
આજ રવિવાર છે તેમ આજના દિવસ મંજુર થયું.,2
मैं आज कॉलेज जा रहा हूँ।,0
મારી બહુવિધ સંભાલવાની જરૂર છે.,2
मेरे domu में पूल नहीं है.,0
वह सुबह नाश्ता करने के बाद ऑफіс जाता है।,0
મને જમણે ખાજાનો ખાજણો આવ્યા છે.,2
હું ગાંધીનગરમાં વસયા છુ.,2
तुमच्या घरातील डब्ब्यात वाटे.Cookies आहेत.,1
The sun is shining brightly in the clear blue sky.,4
હું આજે સાયરિનસથી ફાઈવર ખાવા ગયો છુ.,2
मैं आज सुबह कॉफी पिया हूँ।,0
నేను ఈ రోజు బయటికి వెళ్ళాను.,3
The cat purrs contentedly on my lap.,4
ભાઈયાએ ગાયના લાંબા હાથને બળત્કાર્યો.,2
मैं आज सुबह कॉफी पीने गया था।,0
हे शहर सुंदर आहे.,1
నేను ఈ రోజు తిరుమల వెల్లినాను.,3
મને ખુબ જ લાગે છે કે આજની રાત મંગળવાર જવાય.,2
The sun was shining brightly in the clear blue sky.,4
నేటి రోజు ఎక్కువ మంది కార్యక్రమాలు చేస్తున్నారు.,3
મને કાફી વખત શાંઘાય ગયા.,2
The sun is shining brightly today.,4
આમને તમારી મદદ જરૂરથી આવશે.,2
मैं सUNDAY की सुबह कॉलेज में जा रहा हूँ।,0
నా చిన్నతనంలో నేను ఒక సుందరమైన పుస్తకాన్ని చదివాను.,3
నేపథ్యంలో ఎందుకు పయనం చేయవలసిన అవసరం లేదం.,3
నేడు రాత్రి ప్రారంభం.,3
અમારે વિકાસનું સંસાધન કરવું હતું.,2
हा शहरात फिल्म थायटर एकदा लागला.,1
The sun is setting over the ocean.,4
મને પાકનો ખાજે ભુલતું હતું.,2
माझा भाव変わला\\.,1
The sun is shining brightly today.,4
मेरी बहन का जन्मदिन आज है।,0
The sun was setting over the mountains.,4
माझे नाव राजेश आहे.,1
నేను ఈ రోజు బాలాజీ క్రికెట్ మ్యాచ్ చూస్తున్నాను.,3
The sun was shining brightly in the clear blue sky.,4
આજે સંજે મને સારી રાત રહેશે.,2
నేను ఈ రోజు బయటకు వెళ్ళాను.,3
तम्बईत होणार थім्बु ट्रेन.,1
The sun was shining brightly in the clear blue sky.,4
આજે મને ખાસ સમયના જરૂરી વાતાવરણમાં રહેવું છે.,2
तुम्ही आज घरात केल्याने कрий.,1
तुमचे मैत्री प्रेम काफी चांगले आहे.,1
मैं आज कानपुर में काफी समय से नहीं गया हूँ।,0
तुमचे कल्पनेच्या स्वरात मी स्वतःच सुनतो.,1
આજે મેં શામકોઈને મળ્યા કરતા જઈ રહ્યા છે.,2
నేను ఇంట్లో ఉన్నాను.,3
मैं आज सुबह की दो घंटे की धूप में स_wfया गया था।,0
त्याला मी प्रेम करतो.,1
The sun is setting slowly over the ocean.,4
The sun is shining brightly in the clear blue sky.,4
तुम्ही आज रात्री कोणत्या 영화ात जात आहात.,1
रोजची दिवसा सुनंदा शहरात आली.,1
The flowers in the garden are blooming beautifully.,4
The sun was shining brightly in the clear blue sky.,4
મને ખુશ થાય છે તેવિધને મળતું હોત.,2
આજે મને ખુશખબર આવી.,2
The sun is shining brightly in the clear blue sky.,4
त्यांच्या घरातील मंदिरातून सूर्याचाبوत तो आला होता.,1
वह सुबहearly起きた।,0
तincesupid नावाचा एका प्रेमाला सापडला.,1
मला आज केला जाते.,1
आपल्या घरी आज रات्री शहा होते.,1
The sun was shining brightly in the clear blue sky.,4
The sun is setting over the peaceful lake.,4
આજ સવાર મને સોનેરી ચૂંણની રેસિપી મંગ્યા.,2
મને રાત્રે નાસ્તા ખાવા માટે અહીં આવ્યા છે.,2
నేను కలిసింది ఆరోజు సాయంత్రం.,3
मी आज क_IT परीक्षा देणार आहे.,1
నేను ఈరోజు పాఠాలు చూడలేదు.,3
त्यावर्षात मी नलगात.,1
నన్ను చాలా ప్రేమిస్తున్నావు.,3
माझीहीлата होते.,1
ఆమె నమ్మకంతో చదివింది.,3
ఆమె పొడవైన అందం కలిగింది.,3
ఈ రాత్రి నాకు చాలా బాధ్యతలు ఉన్నాయి.,3
माझे स्वागत होत आहे.,1
The sun is shining brightly today.,4
मैं आज सुबह कॉफी पी रहा हूँ।,0
అతను నిన్ను కలిసి వచ్చినట్లు చూస్తోంది.,3
నేను ఈ రోజు పాఠాలు చదువుకుంటున్నాను.,3
मैं आज सुबह ऑफिस गया था।,0
నా స్నేహితుడు నన్ను ఎక్కడనుండా కలుసుకుంటాడట.,3
The sun is shining brightly in the sky.,4
मैं आज सुबह कॉफी पिया हूँ।,0
मैं आज सुबह कॉफी पीता हूँ।,0
मैं गुरुवार को कॉलेज जाता हूँ।,0
मैं आज अपने घर जा रहा हूँ।,0
The sun was setting over the mountains.,4
मैं आज कॉलेज ไป रहा हूँ।,0
The sun is shining brightly in the clear sky today.,4
तुमचे घर कसे हे?,1
అతడు గొంతెంటబాగున్నాడు.,3
મેં આજે સવારે વડોદરા ગયા છે.,2
मैं आज शहर में अपने दोस्त से मिलूँगा।,0
तुमची आत्मकथा तुमच्या जीवितात आनेे कुठल्यातर्थ नाही!,1
The sun is shining brightly in the clear blue sky.,4
The sun was setting slowly over the rolling hills.,4
मैं आज स्कूल जा रहा हूँ।,0
मैं सUNDAY को सो गया हूँ।,0
મને રસતરે ચાલી જવું છે.,2
The sun is setting over the mountains.,4
मैं आज सुबह से घर से बाहर नहीं निकला हूँ।,0
મેં આજે ગાયત્રી દેવીની પૂજા કરી.,2
मेरी माँ मेरे लिए खाना बना रही है।,0
મને રાજકોટમાં જવાનું હોય છે.,2
तुम्ही हOs शस्त्र संग्रहालयात घालून दिला करता.,1
The cat purred contentedly on my lap.,4
She carefully unpacked the boxes in the new apartment.,4
मैं आज सुबह कॉफी पीने जा रहा हूँ।,0
तुमचे नाव काय आहे?,1
నేను ఇంకా పట్టించుకోలేదు.,3
The sun was setting slowly over the ocean.,4
मेरी लड़की škola जाती है।,0
"वह शहर में रहता है, जहाँ मैं学院 गया था।",0
ભારત દેશ સુંદર છે.,2
આજરથી મને આશા છે.,2
माझे नाव राजे आहे.,1
నేడు నాకు తినాలి.,3
నేడు రాత్రి ఎల్లోత్తుంది.,3
मैं आज कॉलेज गए।,0
నాకు రాత్రి బాగుంది.,3
She carefully placed the fragile vase on the shelf.,4
મને ગાંધીનગર મથતું છે.,2
నేను పాఠశాలలో ఉన్నాను.,3
The sun is setting over the ocean.,4
मैं आज सुबह से खुश हूँ।,0
నేను చదవాలనుకుంటును.,3
అతడు రాకుండా ఉన్నాడు.,3
నేను ఇంట్లో ఉన్నాను.,3
मी त्या वनातून गेला.,1
मैं आज शाम को पार्क जा रहा हूँ।,0
મુનિષ્ટરે આજ શંકરલાલને લઈને રહેલો છે.,2
అతను ఇల్లాలికి వచ్చాడు.,3
ఆమె కల్యాణం చేసింది.,3
నేను ఈ రాత్రి బయలుదేరుతాను.,3
मैं आज सExecutable bookstore गया हूँ।,0
त्या दिवसी शहरातील मार्केटमध्ये एका सुंदर डॉल्सची दुकान होती.,1
The sun was setting over the ocean.,4
The company is relocating its headquarters to New York City.,4
నేటి రాత్రి చాలా బాగున్నది.,3
त्याचे घरी आले.,1
મને તમારૂં સાચવું એસ જરૂરી છે.,2
मैं आज सुबह साढ़े नौ बजे कार्यालय में गई।,0
She carefully packed her suitcase for the weekend trip.,4
The sun was shining brightly in the clear blue sky.,4
The sun was shining brightly in the clear blue sky.,4
મને ફરવા મળ્યું કે આજે મને બાવલજીનું ખાણે કરવું છે.,2
આજની સંઝેલ કરીને મને કર્યું છે.,2
నేటి రాత్రి నాకు చాలా బెంబోడు.,3
હું આજે ગામમાં ઠંડું કરી રહોઉં છુ.,2
The sun was shining brightly in the clear blue sky.,4
तुमच्याशी स.พ.पीने झाले.,1
मैं आज सुबह कoffee पीने जा रहा हूँ।,0
मैं आज कॉलेज जा रहा हूँ।,0
આજ સવારે મને ભરમાંથી મોકલણ કરવા પડશે.,2
నాకు ఈ స్కూలు వద్దనికి ఇష్టం.,3
The sun is shining brightly in the sky.,4
मैं आज सुबह काली चाय पийा था।,0
मेरे दोस्त का नाम रोहन है。,0
त्यातून मी पुन्हा बยายात आलो.,1
मैं आज सुबह कáfी:::::::::::::::::::::::,0
मैं आज सुबह अपने घर से निकला था।,0
तुमचे सायंकाळचे काम सुरु करायचे आहे.,1
The baby laughed at the silly clown.,4
నాన్న ఇంటికి వస్తున్నాడు.,3
મને ખુશી થાય છે કારણ કે મને પ્રિય લખાણ કરવામાં આવે છે.,2
"तुमच्या घरच्या क ------------------------------------------------------------------------
-----",1
"આજે રવિવાર છે, તેથી હું રવિવારની સવારે બાહેર નીકળીએ.",2
మీరు నాకు ప్రియం.,3
నేను చదువుకుంటున్నాను.,3
મને ખૂબ જ મજા આવે છે.,2
"वह शहर में रहता है, जहाँ से मैंने अपना स्कूल पूरा किया था।",0
मैं आज सुबह निकला था और कॉफी पर जा रहा था।,0
મને રહેતા હતા ગામમાં.,2
હું આજે સાંજે ફરીથી સકાલે નમસ્કાર કરું.,2
The sun was shining brightly in the clear blue sky.,4
నేను నెల్లూరులో ఉంటాను.,3
मैं आज शाम कॉफी पीने जा रहा हूँ।,0
The sun was shining brightly in the warm summer afternoon.,4
तुमच्या नावाचा उल्लेख करण्यासाठी कधीच वेळे नाही।,1
The sun sets slowly over the vast desert landscape.,4
આજે શુભ દિવસ છે.,2
મને આજે કાફી લાગું છે.,2
तुमच्या जन्मदिनाची शुभवार्ता.,1
నేను ఈ రోజు స్కూలుకు వెళ్లాను.,3
ఆప్త రైలు స్టేషన్ దగ్గర ఉంది.,3
The sun was shining brightly in the clear blue sky.,4
મને ખિચડી તેમ જરૂરી છે.,2
The sun is shining brightly in the clear blue sky.,4
She laughed at his silly joke.,4
तुम्ही आजचया केल्या शोधात प्रगती करा!,1
అతడు బంధువులతో కలిసి ఉన్నాడు.,3
The sun is shining brightly in the clear blue sky.,4
तसे माझे मावळने येते तेव्हा एमएसव्ही बंद होते.,1
నేను నేటి రాత్రి సినిమాకు వెళ్ళడానికి సిద్ధమా?,3
కాఫీని కోసం నేను ఎక్కువ తిన్నాను.,3
The sun was setting over the mountains.,4
तुमच्या घरात गैरीला एक पेंढा होते.,1
तुमचे नाम कसे आहे?,1
The sun was shining brightly in the clear blue sky.,4
वे आज सुबह सो रहे हैं।,0
The dog is playing outside.,4
"शुभ रात्र~, माझे मेहनती कार्य आहे!",1
కృష్ణార్జునుల ప్రేమలు ఎప్పటికప్పుడు మారాయి.,3
मैं आज सुबह कॉफी पीने जा रहा हूँ।,0
అది బాగుంది.,3
నేను ఈ రోజు ఎక్కువ పని చేయలేదు.,3
मैं आज सुबह कॉफी पीने जा रहा हूँ।,0
माझा नाव संकेत आहे.,1
ఎల్లురికి రాత్రి పూర్తి చేసెస్తారు.,3
આ દિવસે સંસર્કારે પર્યાપ્ત કાર્ય કર્યું.,2
મને રસકે ઘરની અંદર બિરવાર આવતી હાલતમાં જ ઠાંડું લાગે છે.,2
मैं आज सूरजपुर जा रहा हूँ।,0
ఆమె నిజం తెలియడు.,3
The sun is shining brightly in the clear blue sky today.,4
The sun was shining brightly in the clear blue sky.,4
આ સંજે મને ખુશી થઈ રહી છે.,2
तुमचे नाव काय आहे?,1
